<?xml version="1.0" encoding="UTF-8"?>
<project-private xmlns="http://www.netbeans.org/ns/project-private/1">
    <editor-bookmarks xmlns="http://www.netbeans.org/ns/editor-bookmarks/2" lastBookmarkId="0"/>
    <open-files xmlns="http://www.netbeans.org/ns/projectui-open-files/2">
        <group>
            <file>file:/C:/Users/Adrian/Desktop/Carrea%20Ingenieria%20Informatica/2C/ASDM/composite_Educacion/src/composite_educacion/DepartamentoDocencia.java</file>
            <file>file:/C:/Users/Adrian/Desktop/Carrea%20Ingenieria%20Informatica/2C/ASDM/composite_Educacion/src/composite_educacion/ElementoEducativo.java</file>
            <file>file:/C:/Users/Adrian/Desktop/Carrea%20Ingenieria%20Informatica/2C/ASDM/composite_Educacion/src/composite_educacion/DepartamentoInvestigacion.java</file>
            <file>file:/C:/Users/Adrian/Desktop/Carrea%20Ingenieria%20Informatica/2C/ASDM/composite_Educacion/src/composite_educacion/Universidad.java</file>
            <file>file:/C:/Users/Adrian/Desktop/Carrea%20Ingenieria%20Informatica/2C/ASDM/composite_Educacion/src/composite_educacion/Composite_Educacion.java</file>
        </group>
    </open-files>
</project-private>
