<?xml version="1.0" encoding="UTF-8"?>
<project-private xmlns="http://www.netbeans.org/ns/project-private/1">
    <editor-bookmarks xmlns="http://www.netbeans.org/ns/editor-bookmarks/2" lastBookmarkId="0"/>
    <open-files xmlns="http://www.netbeans.org/ns/projectui-open-files/2">
        <group>
            <file>file:/C:/Users/Adrian/Desktop/Carrea%20Ingenieria%20Informatica/2C/ASDM/composite_Vehiculos/src/composite_vehiculos/Composite_Vehiculos.java</file>
            <file>file:/C:/Users/Adrian/Desktop/Carrea%20Ingenieria%20Informatica/2C/ASDM/composite_Vehiculos/src/composite_vehiculos/Empresa.java</file>
            <file>file:/C:/Users/Adrian/Desktop/Carrea%20Ingenieria%20Informatica/2C/ASDM/composite_Vehiculos/src/composite_vehiculos/EmpresaSinFilial.java</file>
            <file>file:/C:/Users/Adrian/Desktop/Carrea%20Ingenieria%20Informatica/2C/ASDM/composite_Vehiculos/src/composite_vehiculos/EmpresaMadre.java</file>
        </group>
    </open-files>
</project-private>
